rose.lee@setechstores.com,Rose,Lee,Yes
ruth.piper@setechstores.com,Ruth,Piper,Yes
kimberly.wallace@setechstores.com,Kimberly,Wallace,Yes
cameron.james@setechstores.com,Cameron,James,Yes
tim.powell@setechstores.com,Tim,Powell,Yes
lily.macleod@setechstores.com,Lily,MacLeod,Yes
alexander.paige@setechstores.com,Alexander,Paige,Yes
michael.bailey@setechstores.com,Michael,Bailey,Yes
evan.edmunds@setechstores.com,Evan,Edmunds,Yes
stephen.burdell@setechstores.com,Stephen,Burdell,Yes
will.mitchell@setechstores.com,Will,Mitchell,Yes
sebastian.springer@setechstores.com,Sebastian,Springer,Yes
alan.grant@setechstores.com,Alan,Grant,Yes
gavin.greene@setechstores.com,Gavin,Greene,Yes
gordon.ince@setechstores.com,Gordon,Ince,Yes
zvi.duncan@setechstores.com,Zvi,Duncan,Yes
christian.johnson@setechstores.com,Christian,Johnson,Yes
bernadette.dasgupta@setechstores.com,Bernadette,Dasgupta,Yes
matt.hart@setechstores.com,Matt,Hart,Yes
gordon.underwood@setechstores.com,Gordon,Underwood,Yes
sam.slater@setechstores.com,Sam,Slater,Yes
pippa.fraser@setechstores.com,Pippa,Fraser,Yes
michelle.taylor@setechstores.com,Michelle,Taylor,Yes
bella.north@setechstores.com,Bella,North,Yes
nathan.black@setechstores.com,Nathan,Black,Yes
chloe.hart@setechstores.com,Chloe,Hart,Yes
nicola.fisher@setechstores.com,Nicola,Fisher,Yes
jasmine.campbell@setechstores.com,Jasmine,Campbell,Yes
penelope.cornish@setechstores.com,Penelope,Cornish,Yes
bernadette.blake@setechstores.com,Bernadette,Blake,Yes
vanessa.walsh@setechstores.com,Vanessa,Walsh,Yes
paul.miller@setechstores.com,Paul,Miller,Yes
lily.lee@setechstores.com,Lily,Lee,Yes
matt.randall@setechstores.com,Matt,Randall,Yes
lina.james@setechstores.com,Lina,James,Yes
ravi.mark@setechstores.com,Ravi,Mark,Yes
anthony.dowd@setechstores.com,Anthony,Dowd,Yes
igor.clarkson@setechstores.com,Igor,Clarkson,Yes
nicola.clark@setechstores.com,Nicola,Clark,Yes
bella.jackson@setechstores.com,Bella,Jackson,Yes
edward.glover@setechstores.com,Edward,Glover,Yes
stewart.buckland@setechstores.com,Stewart,Buckland,Yes
deirdre.gill@setechstores.com,Deirdre,Gill,Yes
justin.peters@setechstores.com,Justin,Peters,Yes
will.moritz@setechstores.com,Will,Moritz,Yes
connor.christiansen@setechstores.com,Connor,Christiansen,Yes
christian.langdon@setechstores.com,Christian,Langdon,Yes
julia.white@setechstores.com,Julia,White,Yes
paul.jackson@setechstores.com,Paul,Jackson,Yes
sean.kerr@setechstores.com,Sean,Kerr,Yes
paul.hughes@setechstores.com,Paul,Hughes,Yes
simon.mackenzie@setechstores.com,Simon,Mackenzie,Yes
abigail.manning@setechstores.com,Abigail,Manning,Yes
tracey.reid@setechstores.com,Tracey,Reid,Yes
gavin.ferguson@setechstores.com,Gavin,Ferguson,Yes
nicholas.sanchez@setechstores.com,Nicholas,Sanchez,Yes
amy.davies@setechstores.com,Amy,Davies,Yes
andrew.welch@setechstores.com,Andrew,Welch,Yes
penelope.mitchell@setechstores.com,Penelope,Mitchell,Yes
ian.parr@setechstores.com,Ian,Parr,Yes
abigail.burdell@setechstores.com,Abigail,Burdell,Yes
milos.parr@setechstores.com,Milos,Parr,Yes
julian.fraser@setechstores.com,Julian,Fraser,Yes
alison.abraham@setechstores.com,Alison,Abraham,Yes
jessica.davies@setechstores.com,Jessica,Davies,Yes
oliver.robertson@setechstores.com,Oliver,Robertson,Yes
deirdre.skinner@setechstores.com,Deirdre,Skinner,Yes
stephen.berry@setechstores.com,Stephen,Berry,Yes
carl.manning@setechstores.com,Carl,Manning,Yes
bernadette.piper@setechstores.com,Bernadette,Piper,Yes
emile.wilkins@setechstores.com,Emile,Wilkins,Yes
ravi.hudson@setechstores.com,Ravi,Hudson,Yes
anne.lewis@setechstores.com,Anne,Lewis,Yes
james.manning@setechstores.com,James,Manning,Yes
paul.hemmings@setechstores.com,Paul,Hemmings,Yes
lillian.manning@setechstores.com,Lillian,Manning,Yes
oliver.mathis@setechstores.com,Oliver,Mathis,Yes
sam.welch@setechstores.com,Sam,Welch,Yes
isaac.stewart@setechstores.com,Isaac,Stewart,Yes
dominic.wright@setechstores.com,Dominic,Wright,Yes
boris.carr@setechstores.com,Boris,Carr,Yes
jessica.north@setechstores.com,Jessica,North,Yes
stephen.macdonald@setechstores.com,Stephen,MacDonald,Yes
dan.wallace@setechstores.com,Dan,Wallace,Yes
ella.glover@setechstores.com,Ella,Glover,Yes
steven.abraham@setechstores.com,Steven,Abraham,Yes
edward.gray@setechstores.com,Edward,Gray,Yes
nathan.oliver@setechstores.com,Nathan,Oliver,Yes
richard.bair@setechstores.com,Richard,Bair,Yes
robert.elmasri@setechstores.com,Robert,Elmasri,Yes
tracey.navathe@setechstores.com,Tracey,Navathe,Yes
andrew.isbell@setechstores.com,Andrew,Isbell,Yes
sean.howard@setechstores.com,Sean,Howard,Yes
edward.wallace@setechstores.com,Edward,Wallace,Yes
milos.turner@setechstores.com,Milos,Turner,Yes
frank.white@setechstores.com,Frank,White,Yes
blake.russell@setechstores.com,Blake,Russell,Yes
matt.ellison@setechstores.com,Matt,Ellison,Yes
fiona.langdon@setechstores.com,Fiona,Langdon,Yes
leo.ross@setechstores.com,Leo,Ross,Yes
jan.churchill@setechstores.com,Jan,Churchill,Yes
bella.sanchez@setechstores.com,Bella,Sanchez,Yes
dan.roberts@setechstores.com,Dan,Roberts,Yes
joe.dowd@setechstores.com,Joe,Dowd,Yes
kevin.vance@setechstores.com,Kevin,Vance,Yes
brandon.morgan@setechstores.com,Brandon,Morgan,Yes
eric.bower@setechstores.com,Eric,Bower,Yes
tim.christiansen@setechstores.com,Tim,Christiansen,Yes
julian.kerr@setechstores.com,Julian,Kerr,Yes
andrew.burdell@setechstores.com,Andrew,Burdell,Yes
emma.hodges@setechstores.com,Emma,Hodges,Yes
madeleine.manning@setechstores.com,Madeleine,Manning,Yes
bella.sharp@setechstores.com,Bella,Sharp,Yes
ruth.abraham@setechstores.com,Ruth,Abraham,Yes
wanda.moritz@setechstores.com,Wanda,Moritz,Yes
jessica.rutherford@setechstores.com,Jessica,Rutherford,Yes
steven.randall@setechstores.com,Steven,Randall,Yes
nicholas.bond@setechstores.com,Nicholas,Bond,Yes
igor.terry@setechstores.com,Igor,Terry,Yes
jane.russell@setechstores.com,Jane,Russell,Yes
gordon.may@setechstores.com,Gordon,May,Yes
tim.dasgupta@setechstores.com,Tim,Dasgupta,Yes
carl.pullman@setechstores.com,Carl,Pullman,Yes
heather.sutherland@setechstores.com,Heather,Sutherland,Yes
deirdre.wright@setechstores.com,Deirdre,Wright,Yes
connor.short@setechstores.com,Connor,Short,Yes
sam.mark@setechstores.com,Sam,Mark,Yes
thomas.lewis@setechstores.com,Thomas,Lewis,Yes
deirdre.edmunds@setechstores.com,Deirdre,Edmunds,Yes
zvi.paterson@setechstores.com,Zvi,Paterson,Yes
yvonne.poole@setechstores.com,Yvonne,Poole,Yes
zoe.gibson@setechstores.com,Zoe,Gibson,Yes
alexandra.sharp@setechstores.com,Alexandra,Sharp,Yes
benjamin.berry@setechstores.com,Benjamin,Berry,Yes
adrian.lyman@setechstores.com,Adrian,Lyman,Yes
trevor.chapman@setechstores.com,Trevor,Chapman,Yes
diana.morrison@setechstores.com,Diana,Morrison,Yes
liam.thomson@setechstores.com,Liam,Thomson,Yes
zvi.wilkins@setechstores.com,Zvi,Wilkins,Yes
claire.welch@setechstores.com,Claire,Welch,Yes
lina.hardacre@setechstores.com,Lina,Hardacre,Yes
charles.cornish@setechstores.com,Charles,Cornish,Yes
leo.walker@setechstores.com,Leo,Walker,Yes
victoria.terry@setechstores.com,Victoria,Terry,Yes
leonard.hunter@setechstores.com,Leonard,Hunter,Yes
isaac.black@setechstores.com,Isaac,Black,Yes
alexandra.gray@setechstores.com,Alexandra,Gray,Yes
emma.thomson@setechstores.com,Emma,Thomson,Yes
steven.kelly@setechstores.com,Steven,Kelly,Yes
joan.wright@setechstores.com,Joan,Wright,Yes
ravi.rees@setechstores.com,Ravi,Rees,Yes
ian.miller@setechstores.com,Ian,Miller,Yes
matt.dasgupta@setechstores.com,Matt,Dasgupta,Yes
adrian.hill@setechstores.com,Adrian,Hill,Yes
katherine.clarkson@setechstores.com,Katherine,Clarkson,Yes
christopher.dasgupta@setechstores.com,Christopher,Dasgupta,Yes
leah.graham@setechstores.com,Leah,Graham,Yes
leo.greene@setechstores.com,Leo,Greene,Yes
irene.cameron@setechstores.com,Irene,Cameron,Yes
adam.watson@setechstores.com,Adam,Watson,Yes
lucas.rees@setechstores.com,Lucas,Rees,Yes
jan.mackay@setechstores.com,Jan,Mackay,Yes
alexandra.underwood@setechstores.com,Alexandra,Underwood,Yes
zoe.hill@setechstores.com,Zoe,Hill,Yes
dan.navathe@setechstores.com,Dan,Navathe,Yes
amanda.welch@setechstores.com,Amanda,Welch,Yes
ruth.elmasri@setechstores.com,Ruth,Elmasri,Yes
mary.johnson@setechstores.com,Mary,Johnson,Yes
richard.welch@setechstores.com,Richard,Welch,Yes
brandon.jones@setechstores.com,Brandon,Jones,Yes
vanessa.kerr@setechstores.com,Vanessa,Kerr,Yes
sam.jones@setechstores.com,Sam,Jones,Yes
julian.macleod@setechstores.com,Julian,MacLeod,Yes
david.christiansen@setechstores.com,David,Christiansen,Yes
cameron.sharp@setechstores.com,Cameron,Sharp,Yes
abigail.mills@setechstores.com,Abigail,Mills,Yes
dylan.hart@setechstores.com,Dylan,Hart,Yes
michelle.coleman@setechstores.com,Michelle,Coleman,Yes
steven.baker@setechstores.com,Steven,Baker,Yes
wendy.hardacre@setechstores.com,Wendy,Hardacre,Yes
joanne.paterson@setechstores.com,Joanne,Paterson,Yes
sam.skinner@setechstores.com,Sam,Skinner,Yes
ella.ince@setechstores.com,Ella,Ince,Yes
emily.davies@setechstores.com,Emily,Davies,Yes
max.avery@setechstores.com,Max,Avery,Yes
natalie.short@setechstores.com,Natalie,Short,Yes
alexandra.cameron@setechstores.com,Alexandra,Cameron,Yes
igor.bailey@setechstores.com,Igor,Bailey,Yes
jacob.paterson@setechstores.com,Jacob,Paterson,Yes
joshua.buckland@setechstores.com,Joshua,Buckland,Yes
jan.king@setechstores.com,Jan,King,Yes
frank.north@setechstores.com,Frank,North,Yes
bernadette.sanderson@setechstores.com,Bernadette,Sanderson,Yes
evan.anderson@setechstores.com,Evan,Anderson,Yes
molly.ross@setechstores.com,Molly,Ross,Yes
dylan.howard@setechstores.com,Dylan,Howard,Yes
jason.nash@setechstores.com,Jason,Nash,Yes
alan.mitchell@setechstores.com,Alan,Mitchell,Yes
carl.walker@setechstores.com,Carl,Walker,Yes
ian.morgan@setechstores.com,Ian,Morgan,Yes
robert.hunter@setechstores.com,Robert,Hunter,Yes
amelia.fisher@setechstores.com,Amelia,Fisher,Yes
rebecca.berry@setechstores.com,Rebecca,Berry,Yes
james.sutherland@setechstores.com,James,Sutherland,Yes
theresa.metcalfe@setechstores.com,Theresa,Metcalfe,Yes
evan.bailey@setechstores.com,Evan,Bailey,Yes
molly.marshall@setechstores.com,Molly,Marshall,Yes
sonia.langdon@setechstores.com,Sonia,Langdon,Yes
austin.lyman@setechstores.com,Austin,Lyman,Yes
karen.reid@setechstores.com,Karen,Reid,Yes
joanne.walsh@setechstores.com,Joanne,Walsh,Yes
emile.lyman@setechstores.com,Emile,Lyman,Yes
piers.anderson@setechstores.com,Piers,Anderson,Yes
thomas.joyner@setechstores.com,Thomas,Joyner,Yes
bernadette.knox@setechstores.com,Bernadette,Knox,Yes
richard.randall@setechstores.com,Richard,Randall,Yes
deirdre.turner@setechstores.com,Deirdre,Turner,Yes
mary.hart@setechstores.com,Mary,Hart,Yes
stephen.abraham@setechstores.com,Stephen,Abraham,Yes
natalie.clark@setechstores.com,Natalie,Clark,Yes
amelia.manning@setechstores.com,Amelia,Manning,Yes
jennifer.white@setechstores.com,Jennifer,White,Yes
dylan.murray@setechstores.com,Dylan,Murray,Yes
anna.mcdonald@setechstores.com,Anna,McDonald,Yes
carolyn.arnold@setechstores.com,Carolyn,Arnold,Yes
grace.watson@setechstores.com,Grace,Watson,Yes
alexander.walker@setechstores.com,Alexander,Walker,Yes
gordon.joyner@setechstores.com,Gordon,Joyner,Yes
nathan.vaughan@setechstores.com,Nathan,Vaughan,Yes
lucas.vaughan@setechstores.com,Lucas,Vaughan,Yes
paul.fraser@setechstores.com,Paul,Fraser,Yes
lily.dowd@setechstores.com,Lily,Dowd,Yes
harry.roberts@setechstores.com,Harry,Roberts,Yes
blake.slater@setechstores.com,Blake,Slater,Yes
charles.isbell@setechstores.com,Charles,Isbell,Yes
steven.robertson@setechstores.com,Steven,Robertson,Yes
emma.allan@setechstores.com,Emma,Allan,Yes
victor.abraham@setechstores.com,Victor,Abraham,Yes
nicholas.martin@setechstores.com,Nicholas,Martin,Yes
tracey.paterson@setechstores.com,Tracey,Paterson,Yes
emile.hill@setechstores.com,Emile,Hill,Yes
bella.lambert@setechstores.com,Bella,Lambert,Yes
joanne.hodges@setechstores.com,Joanne,Hodges,Yes
zvi.hudson@setechstores.com,Zvi,Hudson,Yes
mary.glover@setechstores.com,Mary,Glover,Yes
sally.baker@setechstores.com,Sally,Baker,Yes
jacob.simpson@setechstores.com,Jacob,Simpson,Yes
emily.patel@setechstores.com,Emily,Patel,Yes
nicholas.mackay@setechstores.com,Nicholas,Mackay,Yes
felicity.quinn@setechstores.com,Felicity,Quinn,Yes
alexandra.cornish@setechstores.com,Alexandra,Cornish,Yes
zoe.manning@setechstores.com,Zoe,Manning,Yes
dylan.wilson@setechstores.com,Dylan,Wilson,Yes
theresa.burdell@setechstores.com,Theresa,Burdell,Yes
mary.henderson@setechstores.com,Mary,Henderson,Yes
carolyn.short@setechstores.com,Carolyn,Short,Yes
alan.lyman@setechstores.com,Alan,Lyman,Yes
irene.martin@setechstores.com,Irene,Martin,Yes
audrey.davidson@setechstores.com,Audrey,Davidson,Yes
penelope.malliaris@setechstores.com,Penelope,Malliaris,Yes
julia.peters@setechstores.com,Julia,Peters,Yes
jacob.mackenzie@setechstores.com,Jacob,Mackenzie,Yes
caroline.reid@setechstores.com,Caroline,Reid,Yes
kevin.allan@setechstores.com,Kevin,Allan,Yes
zvi.sutherland@setechstores.com,Zvi,Sutherland,Yes
leonard.greene@setechstores.com,Leonard,Greene,Yes
thomas.coleman@setechstores.com,Thomas,Coleman,Yes
lily.north@setechstores.com,Lily,North,Yes
sam.ellison@setechstores.com,Sam,Ellison,Yes
sue.newman@setechstores.com,Sue,Newman,Yes
dylan.jackson@setechstores.com,Dylan,Jackson,Yes
eric.clarkson@setechstores.com,Eric,Clarkson,Yes
isaac.short@setechstores.com,Isaac,Short,Yes
william.mathis@setechstores.com,William,Mathis,Yes
lucas.mark@setechstores.com,Lucas,Mark,Yes
nicholas.lee@setechstores.com,Nicholas,Lee,Yes
angela.jones@setechstores.com,Angela,Jones,Yes
adrian.powell@setechstores.com,Adrian,Powell,Yes
steven.marshall@setechstores.com,Steven,Marshall,Yes
robert.metcalfe@setechstores.com,Robert,Metcalfe,Yes
brandon.roberts@setechstores.com,Brandon,Roberts,Yes
peter.davidson@setechstores.com,Peter,Davidson,Yes
kevin.blake@setechstores.com,Kevin,Blake,Yes
david.hudson@setechstores.com,David,Hudson,Yes
ada.martin@setechstores.com,Ada,Martin,Yes
deirdre.dowd@setechstores.com,Deirdre,Dowd,Yes
ella.ogden@setechstores.com,Ella,Ogden,Yes
theresa.langdon@setechstores.com,Theresa,Langdon,Yes
blake.martin@setechstores.com,Blake,Martin,Yes
rachel.cornish@setechstores.com,Rachel,Cornish,Yes
diane.macdonald@setechstores.com,Diane,MacDonald,Yes
harry.ellison@setechstores.com,Harry,Ellison,Yes
audrey.ball@setechstores.com,Audrey,Ball,Yes
trevor.arnold@setechstores.com,Trevor,Arnold,Yes
terry.taylor@setechstores.com,Terry,Taylor,Yes
julian.king@setechstores.com,Julian,King,Yes
emile.langdon@setechstores.com,Emile,Langdon,Yes
sally.wallace@setechstores.com,Sally,Wallace,Yes
victoria.glover@setechstores.com,Victoria,Glover,Yes
kevin.fraser@setechstores.com,Kevin,Fraser,Yes
kevin.mcgrath@setechstores.com,Kevin,McGrath,Yes
peter.short@setechstores.com,Peter,Short,Yes
wanda.murray@setechstores.com,Wanda,Murray,Yes
milos.hashimoto@setechstores.com,Milos,Hashimoto,Yes
caroline.underwood@setechstores.com,Caroline,Underwood,Yes
kevin.wilkins@setechstores.com,Kevin,Wilkins,Yes
connor.sharp@setechstores.com,Connor,Sharp,Yes
olivia.nolan@setechstores.com,Olivia,Nolan,Yes
alexander.graening@setechstores.com,Alexander,Graening,Yes
rachel.wilkins@setechstores.com,Rachel,Wilkins,Yes
gabrielle.howard@setechstores.com,Gabrielle,Howard,Yes
kevin.walker@setechstores.com,Kevin,Walker,Yes
samantha.wilkins@setechstores.com,Samantha,Wilkins,Yes
peter.manning@setechstores.com,Peter,Manning,Yes
olivia.young@setechstores.com,Olivia,Young,Yes
sophie.manning@setechstores.com,Sophie,Manning,Yes
robert.campbell@setechstores.com,Robert,Campbell,Yes
trevor.hardacre@setechstores.com,Trevor,Hardacre,Yes
amy.christiansen@setechstores.com,Amy,Christiansen,Yes
audrey.ogden@setechstores.com,Audrey,Ogden,Yes
victor.bond@setechstores.com,Victor,Bond,Yes
natalie.alsop@setechstores.com,Natalie,Alsop,Yes
james.patel@setechstores.com,James,Patel,Yes
diane.ogden@setechstores.com,Diane,Ogden,Yes
leo.mitchell@setechstores.com,Leo,Mitchell,Yes
gavin.robertson@setechstores.com,Gavin,Robertson,Yes
amy.hughes@setechstores.com,Amy,Hughes,Yes
lillian.malliaris@setechstores.com,Lillian,Malliaris,Yes
zvi.randall@setechstores.com,Zvi,Randall,Yes
terry.may@setechstores.com,Terry,May,Yes
audrey.payne@setechstores.com,Audrey,Payne,Yes
diane.reid@setechstores.com,Diane,Reid,Yes
katherine.parr@setechstores.com,Katherine,Parr,Yes
blake.hodges@setechstores.com,Blake,Hodges,Yes
sham.rutherford@setechstores.com,Sham,Rutherford,Yes
richard.morrison@setechstores.com,Richard,Morrison,Yes
megan.kerr@setechstores.com,Megan,Kerr,Yes
joe.chapman@setechstores.com,Joe,Chapman,Yes
audrey.joyner@setechstores.com,Audrey,Joyner,Yes
michael.avery@setechstores.com,Michael,Avery,Yes
max.dickens@setechstores.com,Max,Dickens,Yes
liam.joyner@setechstores.com,Liam,Joyner,Yes
justin.kelly@setechstores.com,Justin,Kelly,Yes
mary.clarkson@setechstores.com,Mary,Clarkson,Yes
pooja.peters@setechstores.com,Pooja,Peters,Yes
dylan.rampling@setechstores.com,Dylan,Rampling,Yes
liam.harris@setechstores.com,Liam,Harris,Yes
alexander.tucker@setechstores.com,Alexander,Tucker,Yes
virginia.quinn@setechstores.com,Virginia,Quinn,Yes
warren.rampling@setechstores.com,Warren,Rampling,Yes
benjamin.arnold@setechstores.com,Benjamin,Arnold,Yes
andrew.hemmings@setechstores.com,Andrew,Hemmings,Yes
boris.graham@setechstores.com,Boris,Graham,Yes
anna.carr@setechstores.com,Anna,Carr,Yes
wanda.alsop@setechstores.com,Wanda,Alsop,Yes
olivia.white@setechstores.com,Olivia,White,Yes
jane.piper@setechstores.com,Jane,Piper,Yes
neil.dyer@setechstores.com,Neil,Dyer,Yes
donna.gray@setechstores.com,Donna,Gray,Yes
terry.wright@setechstores.com,Terry,Wright,Yes
madeleine.vance@setechstores.com,Madeleine,Vance,Yes
molly.avery@setechstores.com,Molly,Avery,Yes
nicola.malliaris@setechstores.com,Nicola,Malliaris,Yes
ryan.abraham@setechstores.com,Ryan,Abraham,Yes
emily.duncan@setechstores.com,Emily,Duncan,Yes
bud.lawrence@setechstores.com,Bud,Lawrence,Yes
christopher.gill@setechstores.com,Christopher,Gill,Yes
emile.mills@setechstores.com,Emile,Mills,Yes
bernadette.jackson@setechstores.com,Bernadette,Jackson,Yes
harry.campbell@setechstores.com,Harry,Campbell,Yes
nicholas.clark@setechstores.com,Nicholas,Clark,Yes
richard.mackenzie@setechstores.com,Richard,Mackenzie,Yes
justin.martin@setechstores.com,Justin,Martin,Yes
alexander.moritz@setechstores.com,Alexander,Moritz,Yes
connor.arnold@setechstores.com,Connor,Arnold,Yes
wendy.carr@setechstores.com,Wendy,Carr,Yes
tracey.north@setechstores.com,Tracey,North,Yes
joanne.short@setechstores.com,Joanne,Short,Yes
justin.black@setechstores.com,Justin,Black,Yes
carolyn.paige@setechstores.com,Carolyn,Paige,Yes
diana.hardacre@setechstores.com,Diana,Hardacre,Yes
sue.walker@setechstores.com,Sue,Walker,Yes
elizabeth.brown@setechstores.com,Elizabeth,Brown,Yes
keith.glover@setechstores.com,Keith,Glover,Yes
yvonne.piper@setechstores.com,Yvonne,Piper,Yes
andrew.macleod@setechstores.com,Andrew,MacLeod,Yes
gordon.morgan@setechstores.com,Gordon,Morgan,Yes
angela.hamilton@setechstores.com,Angela,Hamilton,Yes
karen.lewis@setechstores.com,Karen,Lewis,Yes
john.burdell@setechstores.com,John,Burdell,Yes
justin.navathe@setechstores.com,Justin,Navathe,Yes
jake.walsh@setechstores.com,Jake,Walsh,Yes
austin.manning@setechstores.com,Austin,Manning,Yes
bud.kelly@setechstores.com,Bud,Kelly,Yes
audrey.churchill@setechstores.com,Audrey,Churchill,Yes
jacob.howard@setechstores.com,Jacob,Howard,Yes
luke.ince@setechstores.com,Luke,Ince,Yes
jason.mcgrath@setechstores.com,Jason,McGrath,Yes
lisa.macdonald@setechstores.com,Lisa,MacDonald,Yes
blake.payne@setechstores.com,Blake,Payne,Yes
victoria.howard@setechstores.com,Victoria,Howard,Yes
isaac.terry@setechstores.com,Isaac,Terry,Yes
dylan.mathis@setechstores.com,Dylan,Mathis,Yes
jessica.chapman@setechstores.com,Jessica,Chapman,Yes
john.mclean@setechstores.com,John,McLean,Yes
sebastian.smith@setechstores.com,Sebastian,Smith,Yes
joanne.miller@setechstores.com,Joanne,Miller,Yes
elizabeth.may@setechstores.com,Elizabeth,May,Yes
peter.henderson@setechstores.com,Peter,Henderson,Yes
joe.powell@setechstores.com,Joe,Powell,Yes
adrian.berry@setechstores.com,Adrian,Berry,Yes
maria.berry@setechstores.com,Maria,Berry,Yes
james.avery@setechstores.com,James,Avery,Yes
isaac.graham@setechstores.com,Isaac,Graham,Yes
neil.graening@setechstores.com,Neil,Graening,Yes
gordon.davidson@setechstores.com,Gordon,Davidson,Yes
michelle.vaughan@setechstores.com,Michelle,Vaughan,Yes
nicholas.arnold@setechstores.com,Nicholas,Arnold,Yes
alan.lawrence@setechstores.com,Alan,Lawrence,Yes
penelope.arnold@setechstores.com,Penelope,Arnold,Yes
keith.alsop@setechstores.com,Keith,Alsop,Yes
evan.langdon@setechstores.com,Evan,Langdon,Yes
rose.peters@setechstores.com,Rose,Peters,Yes
sarah.ogden@setechstores.com,Sarah,Ogden,Yes
lucas.dickens@setechstores.com,Lucas,Dickens,Yes
jacob.nash@setechstores.com,Jacob,Nash,Yes
stephanie.elmasri@setechstores.com,Stephanie,Elmasri,Yes
joanne.elmasri@setechstores.com,Joanne,Elmasri,Yes
austin.duncan@setechstores.com,Austin,Duncan,Yes
kylie.butler@setechstores.com,Kylie,Butler,Yes
bernadette.rampling@setechstores.com,Bernadette,Rampling,Yes
amanda.mills@setechstores.com,Amanda,Mills,Yes
ava.wilson@setechstores.com,Ava,Wilson,Yes
leah.edmunds@setechstores.com,Leah,Edmunds,Yes
jason.brown@setechstores.com,Jason,Brown,Yes
blake.forsyth@setechstores.com,Blake,Forsyth,Yes
charles.kelly@setechstores.com,Charles,Kelly,Yes
irene.bell@setechstores.com,Irene,Bell,Yes
dominic.hemmings@setechstores.com,Dominic,Hemmings,Yes
justin.alsop@setechstores.com,Justin,Alsop,Yes
melanie.king@setechstores.com,Melanie,King,Yes
diana.johnson@setechstores.com,Diana,Johnson,Yes
lucas.carr@setechstores.com,Lucas,Carr,Yes
olivia.james@setechstores.com,Olivia,James,Yes
bernadette.malliaris@setechstores.com,Bernadette,Malliaris,Yes
adam.james@setechstores.com,Adam,James,Yes
bud.peters@setechstores.com,Bud,Peters,Yes
ian.sharp@setechstores.com,Ian,Sharp,Yes
jonathan.lee@setechstores.com,Jonathan,Lee,Yes
igor.rutherford@setechstores.com,Igor,Rutherford,Yes
karen.macdonald@setechstores.com,Karen,MacDonald,Yes
yvonne.hart@setechstores.com,Yvonne,Hart,Yes
bud.lewis@setechstores.com,Bud,Lewis,Yes
samantha.buckland@setechstores.com,Samantha,Buckland,Yes
amanda.sutherland@setechstores.com,Amanda,Sutherland,Yes
alison.terry@setechstores.com,Alison,Terry,Yes
frank.mills@setechstores.com,Frank,Mills,Yes
keith.mitchell@setechstores.com,Keith,Mitchell,Yes
fiona.ferguson@setechstores.com,Fiona,Ferguson,Yes
jacob.anderson@setechstores.com,Jacob,Anderson,Yes
keith.stewart@setechstores.com,Keith,Stewart,Yes
angela.parr@setechstores.com,Angela,Parr,Yes
sonia.hemmings@setechstores.com,Sonia,Hemmings,Yes
milos.abraham@setechstores.com,Milos,Abraham,Yes
alexander.peters@setechstores.com,Alexander,Peters,Yes
amelia.gill@setechstores.com,Amelia,Gill,Yes
lisa.sharp@setechstores.com,Lisa,Sharp,Yes
igor.abraham@setechstores.com,Igor,Abraham,Yes
heather.joyner@setechstores.com,Heather,Joyner,Yes
joan.gibson@setechstores.com,Joan,Gibson,Yes
keith.powell@setechstores.com,Keith,Powell,Yes
jason.jackson@setechstores.com,Jason,Jackson,Yes
pooja.macdonald@setechstores.com,Pooja,MacDonald,Yes
ravi.wallace@setechstores.com,Ravi,Wallace,Yes
nathan.buckland@setechstores.com,Nathan,Buckland,Yes
sean.simpson@setechstores.com,Sean,Simpson,Yes
chloe.grant@setechstores.com,Chloe,Grant,Yes
isaac.piper@setechstores.com,Isaac,Piper,Yes
penelope.turner@setechstores.com,Penelope,Turner,Yes
jennifer.sanderson@setechstores.com,Jennifer,Sanderson,Yes
kimberly.allan@setechstores.com,Kimberly,Allan,Yes
carol.north@setechstores.com,Carol,North,Yes
david.manning@setechstores.com,David,Manning,Yes
audrey.hunter@setechstores.com,Audrey,Hunter,Yes
audrey.vance@setechstores.com,Audrey,Vance,Yes
lucas.lawrence@setechstores.com,Lucas,Lawrence,Yes
elizabeth.reid@setechstores.com,Elizabeth,Reid,Yes
victor.forsyth@setechstores.com,Victor,Forsyth,Yes
kevin.dickens@setechstores.com,Kevin,Dickens,Yes
maria.hardacre@setechstores.com,Maria,Hardacre,Yes
angela.vance@setechstores.com,Angela,Vance,Yes
jasmine.springer@setechstores.com,Jasmine,Springer,Yes
lisa.gray@setechstores.com,Lisa,Gray,Yes
melanie.miller@setechstores.com,Melanie,Miller,Yes
lily.peake@setechstores.com,Lily,Peake,Yes
michelle.rees@setechstores.com,Michelle,Rees,Yes
sophie.dowd@setechstores.com,Sophie,Dowd,Yes
wanda.young@setechstores.com,Wanda,Young,Yes
donna.hughes@setechstores.com,Donna,Hughes,Yes
katherine.payne@setechstores.com,Katherine,Payne,Yes
steven.sanchez@setechstores.com,Steven,Sanchez,Yes
lillian.underwood@setechstores.com,Lillian,Underwood,Yes
dan.yatsutake@setechstores.com,Dan,Yatsutake,Yes
william.gray@setechstores.com,William,Gray,Yes
vanessa.berry@setechstores.com,Vanessa,Berry,Yes
robert.brown@setechstores.com,Robert,Brown,Yes
michelle.tucker@setechstores.com,Michelle,Tucker,Yes
bernadette.manning@setechstores.com,Bernadette,Manning,Yes
edward.bair@setechstores.com,Edward,Bair,Yes
amelia.nash@setechstores.com,Amelia,Nash,Yes
jake.knox@setechstores.com,Jake,Knox,Yes
jane.vance@setechstores.com,Jane,Vance,Yes
brandon.coleman@setechstores.com,Brandon,Coleman,Yes
dorothy.morgan@setechstores.com,Dorothy,Morgan,Yes
natalie.hughes@setechstores.com,Natalie,Hughes,Yes
matt.kelly@setechstores.com,Matt,Kelly,Yes
caroline.hemmings@setechstores.com,Caroline,Hemmings,Yes
caroline.wright@setechstores.com,Caroline,Wright,Yes
jonathan.robertson@setechstores.com,Jonathan,Robertson,Yes
dan.murray@setechstores.com,Dan,Murray,Yes
joe.piper@setechstores.com,Joe,Piper,Yes
sarah.scott@setechstores.com,Sarah,Scott,Yes
liam.peake@setechstores.com,Liam,Peake,Yes
terry.martin@setechstores.com,Terry,Martin,Yes
anthony.rees@setechstores.com,Anthony,Rees,Yes
tom.hudson@setechstores.com,Tom,Hudson,Yes
heather.anderson@setechstores.com,Heather,Anderson,Yes
boris.lee@setechstores.com,Boris,Lee,Yes
caroline.fisher@setechstores.com,Caroline,Fisher,Yes
peter.hamilton@setechstores.com,Peter,Hamilton,Yes
heather.butler@setechstores.com,Heather,Butler,Yes
tracey.mark@setechstores.com,Tracey,Mark,Yes
gavin.miller@setechstores.com,Gavin,Miller,Yes
leo.miller@setechstores.com,Leo,Miller,Yes
joshua.marshall@setechstores.com,Joshua,Marshall,Yes
sarah.newman@setechstores.com,Sarah,Newman,Yes
alexandra.forsyth@setechstores.com,Alexandra,Forsyth,Yes
carol.cameron@setechstores.com,Carol,Cameron,Yes
piers.rampling@setechstores.com,Piers,Rampling,Yes
cameron.russell@setechstores.com,Cameron,Russell,Yes
milos.gibson@setechstores.com,Milos,Gibson,Yes
penelope.gray@setechstores.com,Penelope,Gray,Yes
sebastian.russell@setechstores.com,Sebastian,Russell,Yes
joshua.ferguson@setechstores.com,Joshua,Ferguson,Yes
michael.terry@setechstores.com,Michael,Terry,Yes
warren.skinner@setechstores.com,Warren,Skinner,Yes
neil.mcdonald@setechstores.com,Neil,McDonald,Yes
virginia.cornish@setechstores.com,Virginia,Cornish,Yes
blake.fisher@setechstores.com,Blake,Fisher,Yes
leo.mcgrath@setechstores.com,Leo,McGrath,Yes
felicity.white@setechstores.com,Felicity,White,Yes
joanne.fraser@setechstores.com,Joanne,Fraser,Yes
vanessa.joyner@setechstores.com,Vanessa,Joyner,Yes
piers.dowd@setechstores.com,Piers,Dowd,Yes
gavin.jackson@setechstores.com,Gavin,Jackson,Yes
michael.paige@setechstores.com,Michael,Paige,Yes
stewart.graham@setechstores.com,Stewart,Graham,Yes
nicola.forsyth@setechstores.com,Nicola,Forsyth,Yes
sarah.nash@setechstores.com,Sarah,Nash,Yes
natalie.bailey@setechstores.com,Natalie,Bailey,Yes
jane.dyer@setechstores.com,Jane,Dyer,Yes
chloe.wright@setechstores.com,Chloe,Wright,Yes
harry.short@setechstores.com,Harry,Short,Yes
lillian.dickens@setechstores.com,Lillian,Dickens,Yes
isaac.henderson@setechstores.com,Isaac,Henderson,Yes
michelle.walsh@setechstores.com,Michelle,Walsh,Yes
yvonne.bair@setechstores.com,Yvonne,Bair,Yes
jack.hudson@setechstores.com,Jack,Hudson,Yes
ada.russell@setechstores.com,Ada,Russell,Yes
donna.morgan@setechstores.com,Donna,Morgan,Yes
karen.graham@setechstores.com,Karen,Graham,Yes
lina.henderson@setechstores.com,Lina,Henderson,Yes
andrew.short@setechstores.com,Andrew,Short,Yes
will.stewart@setechstores.com,Will,Stewart,Yes
william.macdonald@setechstores.com,William,MacDonald,Yes
irene.rees@setechstores.com,Irene,Rees,Yes
lillian.paige@setechstores.com,Lillian,Paige,Yes
yvonne.paterson@setechstores.com,Yvonne,Paterson,Yes
sam.roberts@setechstores.com,Sam,Roberts,Yes
anne.johnston@setechstores.com,Anne,Johnston,Yes
julian.lawrence@setechstores.com,Julian,Lawrence,Yes
penelope.wilkins@setechstores.com,Penelope,Wilkins,Yes
christopher.mitchell@setechstores.com,Christopher,Mitchell,Yes
simon.reid@setechstores.com,Simon,Reid,Yes
joanne.davidson@setechstores.com,Joanne,Davidson,Yes
wanda.graening@setechstores.com,Wanda,Graening,Yes
igor.taylor@setechstores.com,Igor,Taylor,Yes
joanne.lyman@setechstores.com,Joanne,Lyman,Yes
amelia.lawrence@setechstores.com,Amelia,Lawrence,Yes
audrey.mitchell@setechstores.com,Audrey,Mitchell,Yes
tom.lawrence@setechstores.com,Tom,Lawrence,Yes
ruth.hudson@setechstores.com,Ruth,Hudson,Yes
sophie.bond@setechstores.com,Sophie,Bond,Yes
carolyn.baker@setechstores.com,Carolyn,Baker,Yes
lucas.johnston@setechstores.com,Lucas,Johnston,Yes
ava.ross@setechstores.com,Ava,Ross,Yes
rachel.walsh@setechstores.com,Rachel,Walsh,Yes
christopher.nash@setechstores.com,Christopher,Nash,Yes
frank.clarkson@setechstores.com,Frank,Clarkson,Yes
cameron.white@setechstores.com,Cameron,White,Yes
isaac.allan@setechstores.com,Isaac,Allan,Yes
molly.peters@setechstores.com,Molly,Peters,Yes
robert.lawrence@setechstores.com,Robert,Lawrence,Yes
julia.burdell@setechstores.com,Julia,Burdell,Yes
christopher.bell@setechstores.com,Christopher,Bell,Yes
bella.anderson@setechstores.com,Bella,Anderson,Yes
amy.stewart@setechstores.com,Amy,Stewart,Yes
austin.lee@setechstores.com,Austin,Lee,Yes
blake.paterson@setechstores.com,Blake,Paterson,Yes
yvonne.abraham@setechstores.com,Yvonne,Abraham,Yes
abigail.thomson@setechstores.com,Abigail,Thomson,Yes
ella.terry@setechstores.com,Ella,Terry,Yes
matt.hemmings@setechstores.com,Matt,Hemmings,Yes
julian.cornish@setechstores.com,Julian,Cornish,Yes
ruth.coleman@setechstores.com,Ruth,Coleman,Yes
una.morrison@setechstores.com,Una,Morrison,Yes
alison.gray@setechstores.com,Alison,Gray,Yes
una.pullman@setechstores.com,Una,Pullman,Yes
blake.rampling@setechstores.com,Blake,Rampling,Yes
julian.alsop@setechstores.com,Julian,Alsop,Yes
alison.rutherford@setechstores.com,Alison,Rutherford,Yes
christopher.pullman@setechstores.com,Christopher,Pullman,Yes
sebastian.dyer@setechstores.com,Sebastian,Dyer,Yes
jacob.rees@setechstores.com,Jacob,Rees,Yes
carol.wilkins@setechstores.com,Carol,Wilkins,Yes
milos.wilkins@setechstores.com,Milos,Wilkins,Yes
gordon.mathis@setechstores.com,Gordon,Mathis,Yes
wanda.poole@setechstores.com,Wanda,Poole,Yes
william.black@setechstores.com,William,Black,Yes
rebecca.nolan@setechstores.com,Rebecca,Nolan,Yes
claire.lee@setechstores.com,Claire,Lee,Yes
sebastian.gibson@setechstores.com,Sebastian,Gibson,Yes
nicola.newman@setechstores.com,Nicola,Newman,Yes
blake.hughes@setechstores.com,Blake,Hughes,Yes
kylie.paige@setechstores.com,Kylie,Paige,Yes
stephen.johnston@setechstores.com,Stephen,Johnston,Yes
jason.payne@setechstores.com,Jason,Payne,Yes
tracey.clark@setechstores.com,Tracey,Clark,Yes
anne.simpson@setechstores.com,Anne,Simpson,Yes
steven.arnold@setechstores.com,Steven,Arnold,Yes
neil.walker@setechstores.com,Neil,Walker,Yes
leo.white@setechstores.com,Leo,White,Yes
natalie.navathe@setechstores.com,Natalie,Navathe,Yes
kimberly.turner@setechstores.com,Kimberly,Turner,Yes
igor.davidson@setechstores.com,Igor,Davidson,Yes
colin.gray@setechstores.com,Colin,Gray,Yes
leo.anderson@setechstores.com,Leo,Anderson,Yes
sophie.bower@setechstores.com,Sophie,Bower,Yes
trevor.young@setechstores.com,Trevor,Young,Yes
paul.sharp@setechstores.com,Paul,Sharp,Yes
chloe.mackenzie@setechstores.com,Chloe,Mackenzie,Yes
dorothy.taylor@setechstores.com,Dorothy,Taylor,Yes
heather.ellison@setechstores.com,Heather,Ellison,Yes
keith.wilkins@setechstores.com,Keith,Wilkins,Yes
neil.hamilton@setechstores.com,Neil,Hamilton,Yes
phil.hardacre@setechstores.com,Phil,Hardacre,Yes
joe.murray@setechstores.com,Joe,Murray,Yes
dominic.white@setechstores.com,Dominic,White,Yes
jennifer.glover@setechstores.com,Jennifer,Glover,Yes
john.poole@setechstores.com,John,Poole,Yes
colin.sanderson@setechstores.com,Colin,Sanderson,Yes
deirdre.jackson@setechstores.com,Deirdre,Jackson,Yes
jacob.lee@setechstores.com,Jacob,Lee,Yes
faith.walsh@setechstores.com,Faith,Walsh,Yes
sue.tucker@setechstores.com,Sue,Tucker,Yes
dorothy.lee@setechstores.com,Dorothy,Lee,Yes
david.walsh@setechstores.com,David,Walsh,Yes
ella.tucker@setechstores.com,Ella,Tucker,Yes
jack.parsons@setechstores.com,Jack,Parsons,Yes
will.malliaris@setechstores.com,Will,Malliaris,Yes
stephanie.north@setechstores.com,Stephanie,North,Yes
benjamin.underwood@setechstores.com,Benjamin,Underwood,Yes
stephen.greene@setechstores.com,Stephen,Greene,Yes
nicola.gibson@setechstores.com,Nicola,Gibson,Yes
hannah.watson@setechstores.com,Hannah,Watson,Yes
dylan.harris@setechstores.com,Dylan,Harris,Yes
mary.butler@setechstores.com,Mary,Butler,Yes
sarah.mcgrath@setechstores.com,Sarah,McGrath,Yes
trevor.piper@setechstores.com,Trevor,Piper,Yes
jan.morrison@setechstores.com,Jan,Morrison,Yes
keith.rees@setechstores.com,Keith,Rees,Yes
warren.jackson@setechstores.com,Warren,Jackson,Yes
angela.ince@setechstores.com,Angela,Ince,Yes
michael.joyner@setechstores.com,Michael,Joyner,Yes
blake.hill@setechstores.com,Blake,Hill,Yes
donna.roberts@setechstores.com,Donna,Roberts,Yes
joshua.springer@setechstores.com,Joshua,Springer,Yes
deirdre.fraser@setechstores.com,Deirdre,Fraser,Yes
elizabeth.manning@setechstores.com,Elizabeth,Manning,Yes
blake.morgan@setechstores.com,Blake,Morgan,Yes
lauren.lee@setechstores.com,Lauren,Lee,Yes
steven.carr@setechstores.com,Steven,Carr,Yes
madeleine.sutherland@setechstores.com,Madeleine,Sutherland,Yes
diana.rees@setechstores.com,Diana,Rees,Yes
jack.young@setechstores.com,Jack,Young,Yes
julia.james@setechstores.com,Julia,James,Yes
zvi.cornish@setechstores.com,Zvi,Cornish,Yes
warren.smith@setechstores.com,Warren,Smith,Yes
james.roberts@setechstores.com,James,Roberts,Yes
christopher.welch@setechstores.com,Christopher,Welch,Yes
joshua.christiansen@setechstores.com,Joshua,Christiansen,Yes
theresa.paige@setechstores.com,Theresa,Paige,Yes
julie.edmunds@setechstores.com,Julie,Edmunds,Yes
megan.hemmings@setechstores.com,Megan,Hemmings,Yes
lisa.young@setechstores.com,Lisa,Young,Yes
stewart.randall@setechstores.com,Stewart,Randall,Yes
diane.underwood@setechstores.com,Diane,Underwood,Yes
dan.skinner@setechstores.com,Dan,Skinner,Yes
nicola.peters@setechstores.com,Nicola,Peters,Yes
yvonne.bailey@setechstores.com,Yvonne,Bailey,Yes
joanne.peake@setechstores.com,Joanne,Peake,Yes
chloe.russell@setechstores.com,Chloe,Russell,Yes
melanie.blake@setechstores.com,Melanie,Blake,Yes
samantha.davidson@setechstores.com,Samantha,Davidson,Yes
boris.hashimoto@setechstores.com,Boris,Hashimoto,Yes
diane.duncan@setechstores.com,Diane,Duncan,Yes
piers.metcalfe@setechstores.com,Piers,Metcalfe,Yes
james.marshall@setechstores.com,James,Marshall,Yes
bella.lewis@setechstores.com,Bella,Lewis,Yes
bella.churchill@setechstores.com,Bella,Churchill,Yes
sebastian.nash@setechstores.com,Sebastian,Nash,Yes
milos.sharp@setechstores.com,Milos,Sharp,Yes
pooja.gill@setechstores.com,Pooja,Gill,Yes
simon.churchill@setechstores.com,Simon,Churchill,Yes
pippa.roberts@setechstores.com,Pippa,Roberts,Yes
rebecca.burdell@setechstores.com,Rebecca,Burdell,Yes
alison.nash@setechstores.com,Alison,Nash,Yes
joanne.hughes@setechstores.com,Joanne,Hughes,Yes
caroline.mills@setechstores.com,Caroline,Mills,Yes
jessica.gibson@setechstores.com,Jessica,Gibson,Yes
grace.johnson@setechstores.com,Grace,Johnson,Yes
david.paterson@setechstores.com,David,Paterson,Yes
frank.davies@setechstores.com,Frank,Davies,Yes
olivia.jackson@setechstores.com,Olivia,Jackson,Yes
una.hill@setechstores.com,Una,Hill,Yes
richard.avery@setechstores.com,Richard,Avery,Yes
anna.ross@setechstores.com,Anna,Ross,Yes
hannah.burgess@setechstores.com,Hannah,Burgess,Yes
lina.berry@setechstores.com,Lina,Berry,Yes
cameron.hudson@setechstores.com,Cameron,Hudson,Yes
sebastian.hamilton@setechstores.com,Sebastian,Hamilton,Yes
madeleine.cameron@setechstores.com,Madeleine,Cameron,Yes
cameron.quinn@setechstores.com,Cameron,Quinn,Yes
jonathan.cornish@setechstores.com,Jonathan,Cornish,Yes
jane.christiansen@setechstores.com,Jane,Christiansen,Yes
trevor.abraham@setechstores.com,Trevor,Abraham,Yes
max.martin@setechstores.com,Max,Martin,Yes
una.yatsutake@setechstores.com,Una,Yatsutake,Yes
victor.hill@setechstores.com,Victor,Hill,Yes
terry.miller@setechstores.com,Terry,Miller,Yes
joanne.burdell@setechstores.com,Joanne,Burdell,Yes
peter.morgan@setechstores.com,Peter,Morgan,Yes
amelia.underwood@setechstores.com,Amelia,Underwood,Yes
evan.hill@setechstores.com,Evan,Hill,Yes
brian.patel@setechstores.com,Brian,Patel,Yes
blake.smith@setechstores.com,Blake,Smith,Yes
charles.elmasri@setechstores.com,Charles,Elmasri,Yes
sean.lyman@setechstores.com,Sean,Lyman,Yes
christopher.davidson@setechstores.com,Christopher,Davidson,Yes
kimberly.johnson@setechstores.com,Kimberly,Johnson,Yes
leo.sanchez@setechstores.com,Leo,Sanchez,Yes
irene.peters@setechstores.com,Irene,Peters,Yes
joseph.bower@setechstores.com,Joseph,Bower,Yes
carl.dowd@setechstores.com,Carl,Dowd,Yes
joan.powell@setechstores.com,Joan,Powell,Yes
jane.morrison@setechstores.com,Jane,Morrison,Yes
theresa.peters@setechstores.com,Theresa,Peters,Yes
leah.murray@setechstores.com,Leah,Murray,Yes
jane.pullman@setechstores.com,Jane,Pullman,Yes
stephen.hamilton@setechstores.com,Stephen,Hamilton,Yes
sophie.rutherford@setechstores.com,Sophie,Rutherford,Yes
pippa.butler@setechstores.com,Pippa,Butler,Yes
joan.mackenzie@setechstores.com,Joan,Mackenzie,Yes
rachel.campbell@setechstores.com,Rachel,Campbell,Yes
sam.mathis@setechstores.com,Sam,Mathis,Yes
jack.lyman@setechstores.com,Jack,Lyman,Yes
victor.king@setechstores.com,Victor,King,Yes
leah.rees@setechstores.com,Leah,Rees,Yes
una.davidson@setechstores.com,Una,Davidson,Yes
dylan.morrison@setechstores.com,Dylan,Morrison,Yes
carolyn.clarkson@setechstores.com,Carolyn,Clarkson,Yes
samantha.fraser@setechstores.com,Samantha,Fraser,Yes
gavin.bailey@setechstores.com,Gavin,Bailey,Yes
blake.chapman@setechstores.com,Blake,Chapman,Yes
christopher.fraser@setechstores.com,Christopher,Fraser,Yes
lisa.buckland@setechstores.com,Lisa,Buckland,Yes
elizabeth.poole@setechstores.com,Elizabeth,Poole,Yes
jane.dickens@setechstores.com,Jane,Dickens,Yes
julie.isbell@setechstores.com,Julie,Isbell,Yes
dylan.miller@setechstores.com,Dylan,Miller,Yes
phil.johnson@setechstores.com,Phil,Johnson,Yes
tim.bond@setechstores.com,Tim,Bond,Yes
bella.kelly@setechstores.com,Bella,Kelly,Yes
colin.walker@setechstores.com,Colin,Walker,Yes
amelia.bailey@setechstores.com,Amelia,Bailey,Yes
oliver.parr@setechstores.com,Oliver,Parr,Yes
kylie.isbell@setechstores.com,Kylie,Isbell,Yes
wendy.nolan@setechstores.com,Wendy,Nolan,Yes
evan.dasgupta@setechstores.com,Evan,Dasgupta,Yes
fiona.mitchell@setechstores.com,Fiona,Mitchell,Yes
neil.scott@setechstores.com,Neil,Scott,Yes
matt.butler@setechstores.com,Matt,Butler,Yes
donna.burgess@setechstores.com,Donna,Burgess,Yes
penelope.coleman@setechstores.com,Penelope,Coleman,Yes
harry.poole@setechstores.com,Harry,Poole,Yes
faith.kelly@setechstores.com,Faith,Kelly,Yes
cameron.stewart@setechstores.com,Cameron,Stewart,Yes
charles.duncan@setechstores.com,Charles,Duncan,Yes
carol.henderson@setechstores.com,Carol,Henderson,Yes
gabrielle.carr@setechstores.com,Gabrielle,Carr,Yes
isaac.edmunds@setechstores.com,Isaac,Edmunds,Yes
andrea.cameron@setechstores.com,Andrea,Cameron,Yes
colin.marshall@setechstores.com,Colin,Marshall,Yes
terry.patel@setechstores.com,Terry,Patel,Yes
leo.lambert@setechstores.com,Leo,Lambert,Yes
leah.langdon@setechstores.com,Leah,Langdon,Yes
edward.ross@setechstores.com,Edward,Ross,Yes
nicola.hashimoto@setechstores.com,Nicola,Hashimoto,Yes
jan.hamilton@setechstores.com,Jan,Hamilton,Yes
colin.hughes@setechstores.com,Colin,Hughes,Yes
matt.clark@setechstores.com,Matt,Clark,Yes
sham.nolan@setechstores.com,Sham,Nolan,Yes
alan.bell@setechstores.com,Alan,Bell,Yes
ruth.kelly@setechstores.com,Ruth,Kelly,Yes
phil.wilkins@setechstores.com,Phil,Wilkins,Yes
joseph.ferguson@setechstores.com,Joseph,Ferguson,Yes
andrew.dasgupta@setechstores.com,Andrew,Dasgupta,Yes
joseph.gibson@setechstores.com,Joseph,Gibson,Yes
sam.hamilton@setechstores.com,Sam,Hamilton,Yes
tom.walsh@setechstores.com,Tom,Walsh,Yes
lucas.anderson@setechstores.com,Lucas,Anderson,Yes
william.kelly@setechstores.com,William,Kelly,Yes
irene.russell@setechstores.com,Irene,Russell,Yes
jack.jackson@setechstores.com,Jack,Jackson,Yes
matt.stewart@setechstores.com,Matt,Stewart,Yes
gabrielle.turner@setechstores.com,Gabrielle,Turner,Yes
eric.piper@setechstores.com,Eric,Piper,Yes
gavin.martin@setechstores.com,Gavin,Martin,Yes
igor.macleod@setechstores.com,Igor,MacLeod,Yes
owen.hodges@setechstores.com,Owen,Hodges,Yes
boris.manning@setechstores.com,Boris,Manning,Yes
sonia.lee@setechstores.com,Sonia,Lee,Yes
paul.metcalfe@setechstores.com,Paul,Metcalfe,Yes
stephen.sanchez@setechstores.com,Stephen,Sanchez,Yes
victoria.tucker@setechstores.com,Victoria,Tucker,Yes
steven.mackay@setechstores.com,Steven,Mackay,Yes
amanda.rampling@setechstores.com,Amanda,Rampling,Yes
evan.hashimoto@setechstores.com,Evan,Hashimoto,Yes
neil.baker@setechstores.com,Neil,Baker,Yes
donna.stewart@setechstores.com,Donna,Stewart,Yes
lucas.wilson@setechstores.com,Lucas,Wilson,Yes
christian.rees@setechstores.com,Christian,Rees,Yes
warren.white@setechstores.com,Warren,White,Yes
max.walker@setechstores.com,Max,Walker,Yes
stephen.stewart@setechstores.com,Stephen,Stewart,Yes
brandon.arnold@setechstores.com,Brandon,Arnold,Yes
amanda.murray@setechstores.com,Amanda,Murray,Yes
luke.parsons@setechstores.com,Luke,Parsons,Yes
leonard.gray@setechstores.com,Leonard,Gray,Yes
peter.smith@setechstores.com,Peter,Smith,Yes
jasmine.isbell@setechstores.com,Jasmine,Isbell,Yes
carl.ince@setechstores.com,Carl,Ince,Yes
carolyn.howard@setechstores.com,Carolyn,Howard,Yes
audrey.poole@setechstores.com,Audrey,Poole,Yes
adrian.abraham@setechstores.com,Adrian,Abraham,Yes
ryan.mackay@setechstores.com,Ryan,Mackay,Yes
justin.edmunds@setechstores.com,Justin,Edmunds,Yes
pooja.joyner@setechstores.com,Pooja,Joyner,Yes
brian.oliver@setechstores.com,Brian,Oliver,Yes
rebecca.rees@setechstores.com,Rebecca,Rees,Yes
jane.roberts@setechstores.com,Jane,Roberts,Yes
jonathan.anderson@setechstores.com,Jonathan,Anderson,Yes
justin.graening@setechstores.com,Justin,Graening,Yes
dominic.parr@setechstores.com,Dominic,Parr,Yes
jack.walsh@setechstores.com,Jack,Walsh,Yes
lillian.miller@setechstores.com,Lillian,Miller,Yes
lily.mclean@setechstores.com,Lily,McLean,Yes
sham.edmunds@setechstores.com,Sham,Edmunds,Yes
luke.scott@setechstores.com,Luke,Scott,Yes
una.peake@setechstores.com,Una,Peake,Yes
anne.blake@setechstores.com,Anne,Blake,Yes
kimberly.stewart@setechstores.com,Kimberly,Stewart,Yes
robert.nolan@setechstores.com,Robert,Nolan,Yes
fiona.scott@setechstores.com,Fiona,Scott,Yes
sue.vance@setechstores.com,Sue,Vance,Yes
alan.greene@setechstores.com,Alan,Greene,Yes
alison.coleman@setechstores.com,Alison,Coleman,Yes
fiona.burgess@setechstores.com,Fiona,Burgess,Yes
peter.white@setechstores.com,Peter,White,Yes
michael.martin@setechstores.com,Michael,Martin,Yes
colin.hodges@setechstores.com,Colin,Hodges,Yes
anne.hunter@setechstores.com,Anne,Hunter,Yes
terry.rutherford@setechstores.com,Terry,Rutherford,Yes
liam.wilkins@setechstores.com,Liam,Wilkins,Yes
alexandra.allan@setechstores.com,Alexandra,Allan,Yes
gabrielle.hughes@setechstores.com,Gabrielle,Hughes,Yes
sally.yatsutake@setechstores.com,Sally,Yatsutake,Yes
julia.mcdonald@setechstores.com,Julia,McDonald,Yes
sham.joyner@setechstores.com,Sham,Joyner,Yes
anthony.churchill@setechstores.com,Anthony,Churchill,Yes
edward.welch@setechstores.com,Edward,Welch,Yes
tom.cameron@setechstores.com,Tom,Cameron,Yes
blake.hardacre@setechstores.com,Blake,Hardacre,Yes
milos.hill@setechstores.com,Milos,Hill,Yes
ava.miller@setechstores.com,Ava,Miller,Yes
natalie.mills@setechstores.com,Natalie,Mills,Yes
eric.welch@setechstores.com,Eric,Welch,Yes
dominic.morgan@setechstores.com,Dominic,Morgan,Yes
dorothy.sanchez@setechstores.com,Dorothy,Sanchez,Yes
leonard.mitchell@setechstores.com,Leonard,Mitchell,Yes
madeleine.kelly@setechstores.com,Madeleine,Kelly,Yes
julie.knox@setechstores.com,Julie,Knox,Yes
carl.peake@setechstores.com,Carl,Peake,Yes
sam.morrison@setechstores.com,Sam,Morrison,Yes
alexander.hodges@setechstores.com,Alexander,Hodges,Yes
charles.hill@setechstores.com,Charles,Hill,Yes
ruth.forsyth@setechstores.com,Ruth,Forsyth,Yes
ravi.burdell@setechstores.com,Ravi,Burdell,Yes
evan.murray@setechstores.com,Evan,Murray,Yes
john.hashimoto@setechstores.com,John,Hashimoto,Yes
leo.morgan@setechstores.com,Leo,Morgan,Yes
alexander.davidson@setechstores.com,Alexander,Davidson,Yes
sebastian.patel@setechstores.com,Sebastian,Patel,Yes
victor.sanchez@setechstores.com,Victor,Sanchez,Yes
lily.rees@setechstores.com,Lily,Rees,Yes
julia.fisher@setechstores.com,Julia,Fisher,Yes
ruth.king@setechstores.com,Ruth,King,Yes
maria.murray@setechstores.com,Maria,Murray,Yes
simon.simpson@setechstores.com,Simon,Simpson,Yes
wanda.buckland@setechstores.com,Wanda,Buckland,Yes
michelle.alsop@setechstores.com,Michelle,Alsop,Yes
jasmine.bell@setechstores.com,Jasmine,Bell,Yes
elizabeth.henderson@setechstores.com,Elizabeth,Henderson,Yes
mary.nolan@setechstores.com,Mary,Nolan,Yes
bernadette.clarkson@setechstores.com,Bernadette,Clarkson,Yes
stewart.wallace@setechstores.com,Stewart,Wallace,Yes
molly.jackson@setechstores.com,Molly,Jackson,Yes
caroline.may@setechstores.com,Caroline,May,Yes
gabrielle.hemmings@setechstores.com,Gabrielle,Hemmings,Yes
christian.hardacre@setechstores.com,Christian,Hardacre,Yes
sarah.harris@setechstores.com,Sarah,Harris,Yes
joshua.sharp@setechstores.com,Joshua,Sharp,Yes
terry.bond@setechstores.com,Terry,Bond,Yes
rose.payne@setechstores.com,Rose,Payne,Yes
julia.cornish@setechstores.com,Julia,Cornish,Yes
nicholas.mclean@setechstores.com,Nicholas,McLean,Yes
james.carr@setechstores.com,James,Carr,Yes
joseph.anderson@setechstores.com,Joseph,Anderson,Yes
andrea.chapman@setechstores.com,Andrea,Chapman,Yes
